{
  "productos": {
    "producto": [
      {
        "id": 1,
        "nombre": "Mascotas",
        "precio": 9.99,
        "descripcion": "to wuapo",
        "imagen": "/src/assets/articulo1.jpeg"
      },
      {
        "id": 2,
        "nombre": "Zodiaco",
        "precio": 20.99,
        "descripcion": "to bien",
        "imagen": "/src/assets/articulo2.jpeg"
      },
      {
        "id": 3,
        "nombre": "Avion",
        "precio": 15.99,
        "descripcion": "ta chulo",
        "imagen": "/src/assets/articulo3.jpeg"
      },
      {
        "id": 4,
        "nombre": "Casa",
        "precio": 9.99,
        "descripcion": "meh",
        "imagen": "/src/assets/articulo4.jpeg"
      },
      {
        "id": 5,
        "nombre": "Espiral",
        "precio": 99.99,
        "descripcion": "flama",
        "imagen": "/src/assets/articulo5.jpeg"
      },
      {
        "id": 6,
        "nombre": "Fuente",
        "precio": 40.99,
        "descripcion": "ta mejor",
        "imagen": "/src/assets/articulo6.jpeg"
      }
    ]
  }
}
